I choose Slytherin,1
I choose Slytherin,1
I choose Slytherin,1
I choose Slytherin,1
I choose Slytherin,1
I choose Slytherin,1
I choose Slytherin,1
I choose Slytherin,1
I choose Slytherin,1
I choose Slytherin,1
I choose Slytherin,1
I choose Slytherin,1
I choose Slytherin,1
I choose Slytherin,1
I choose Slytherin,1
I choose Slytherin,1
I choose Slytherin,1
I choose Slytherin,1
I choose Slytherin,1
I choose Slytherin,1
I choose Slytherin,1
I choose Slytherin,1
I choose Slytherin,1
I choose Slytherin,1
I choose Slytherin,1
I choose Slytherin,1
I choose Slytherin,1
I choose Slytherin,1
I choose Slytherin,1
I choose Slytherin,1
I choose Slytherin,1
I choose Slytherin,1
I choose Slytherin,1
I choose Slytherin,1
I choose Slytherin,1
I choose Slytherin,1
I choose Slytherin,1
I choose Slytherin,1
I choose Slytherin,1
I choose Slytherin,1
I choose Slytherin,1
I choose Slytherin,1
I choose Slytherin,1
I choose Slytherin,1
I choose Slytherin,1
I choose Slytherin,1
I choose Slytherin,1
I choose Slytherin,1
I choose Slytherin,1
I choose Slytherin,1
I choose Slytherin,1
I choose Slytherin,1
I choose Slytherin,1
I choose Slytherin,1
I choose Slytherin,1
I choose Slytherin,1
I choose Slytherin,1
I choose Slytherin,1
I choose Slytherin,1
I choose Slytherin,1
I choose Slytherin,1
I choose Slytherin,1
I choose Slytherin,1
I choose Slytherin,1
I choose Slytherin,1
I choose Slytherin,1
I choose Slytherin,1
I choose Slytherin,1
I choose Slytherin,1
I choose Slytherin,1
I choose Slytherin,1
I choose Slytherin,1
I choose Slytherin,1
I choose Slytherin,1
I choose Slytherin,1
I choose Slytherin,1
I choose Slytherin,1
I choose Slytherin,1
I choose Slytherin,1
I choose Slytherin,1
I choose Slytherin,1
I choose Slytherin,1
I choose Slytherin,1
I choose Slytherin,1
I choose Slytherin,1
I choose Slytherin,1
I choose Slytherin,1
I choose Slytherin,1
I choose Slytherin,1
I choose Slytherin,1
I choose Slytherin,1
I choose Slytherin,1
I choose Slytherin,1
I choose Slytherin,1
I choose Slytherin,1
I choose Slytherin,1
I choose Slytherin,1
I choose Slytherin,1
I choose Slytherin,1
I choose Slytherin,1
I choose Slytherin,1
I choose Slytherin,1
I choose Slytherin,1
I choose Slytherin,1
I choose Slytherin,1
I choose Slytherin,1
I choose Slytherin,1
I choose Slytherin,1
I choose Slytherin,1
I choose Slytherin,1
I choose Slytherin,1
I choose Slytherin,1
I choose Slytherin,1
I choose Slytherin,1
I choose Slytherin,1
I choose Slytherin,1
I choose Slytherin,1
I choose Slytherin,1
I choose Slytherin,1
I choose Slytherin,1
I choose Slytherin,1
I choose Slytherin,1
I choose Slytherin,1
I choose Slytherin,1
I choose Slytherin,1
I choose Slytherin,1
I choose Slytherin,1
I choose Slytherin,1
I choose Slytherin,1
I choose Slytherin,1
I choose Slytherin,1
I choose Slytherin,1
I choose Slytherin,1
I choose Slytherin,1
I choose Slytherin,1
I choose Slytherin,1
I choose Slytherin,1
I choose Slytherin,1
I choose Slytherin,1
I choose Slytherin,1
I choose Slytherin,1
I choose Slytherin,1
I choose Slytherin,1
I choose Slytherin,1
I choose Slytherin,1
I choose Slytherin,1
I choose Slytherin,1
I choose Slytherin,1
I choose Slytherin,1
I choose Slytherin,1
I choose Slytherin,1
I choose Slytherin,1
I choose Slytherin,1
I choose Slytherin,1
I choose Slytherin,1
I choose Slytherin,1
I choose Slytherin,1
I choose Slytherin,1
I choose Slytherin,1
I choose Slytherin,1
I choose Slytherin,1
I choose Slytherin,1
I choose Slytherin,1
I choose Slytherin,1
I choose Slytherin,1
I choose Slytherin,1
I choose Slytherin,1
I choose Slytherin,1
I choose Slytherin,1
I choose Slytherin,1
I choose Slytherin,1
I choose Slytherin,1
I choose Slytherin,1
I choose Slytherin,1
I choose Slytherin,1
I choose Slytherin,1
I choose Slytherin,1
I choose Slytherin,1
I choose Slytherin,1
I choose Slytherin,1
I choose Slytherin,1
I choose Slytherin,1
I choose Slytherin,1
I choose Slytherin,1
I choose Slytherin,1
I choose Slytherin,1
I choose Slytherin,1
I choose Slytherin,1
I choose Slytherin,1
I choose Slytherin,1
I choose Slytherin,1
I choose Slytherin,1
I choose Slytherin,1
I choose Slytherin,1
I choose Slytherin,1
I choose Slytherin,1
I choose Slytherin,1
I choose Slytherin,1
I choose Slytherin,1
I choose Slytherin,1
I choose Slytherin,1
I choose Slytherin,1
I choose Slytherin,1
I choose Slytherin,1
I choose Slytherin,1
I choose Slytherin,1
I choose Slytherin,1
I choose Slytherin,1
I choose Slytherin,1
I choose Slytherin,1
I choose Slytherin,1
I choose Slytherin,1
I choose Slytherin,1
I choose Slytherin,1
I choose Slytherin,1
I choose Slytherin,1
I choose Slytherin,1
I choose Slytherin,1
I choose Slytherin,1
I choose Slytherin,1
I choose Slytherin,1
I choose Slytherin,1
I choose Slytherin,1
I choose Slytherin,1
I choose Slytherin,1
I choose Slytherin,1
I choose Slytherin,1
I choose Slytherin,1
I choose Slytherin,1
I choose Slytherin,1
I choose Slytherin,1
I choose Slytherin,1
I choose Slytherin,1
I choose Slytherin,1
I choose Slytherin,1
I choose Slytherin,1
I choose Slytherin,1
I choose Slytherin,1
I choose Slytherin,1
I choose Slytherin,1
I choose Slytherin,1
I choose Slytherin,1
I choose Slytherin,1
I choose Slytherin,1
I choose Slytherin,1
I choose Slytherin,1
I choose Slytherin,1
I choose Slytherin,1
I choose Slytherin,1
I choose Slytherin,1
I choose Slytherin,1
I choose Slytherin,1
I choose Slytherin,1
I choose Slytherin,1
I choose Slytherin,1
I choose Slytherin,1
I choose Slytherin,1
I choose Slytherin,1
I choose Slytherin,1
I choose Slytherin,1
I choose Slytherin,1
I choose Slytherin,1
I choose Slytherin,1
I choose Slytherin,1
I choose Slytherin,1
I choose Slytherin,1
I choose Slytherin,1
I choose Slytherin,1
I choose Slytherin,1
I choose Slytherin,1
I choose Slytherin,1
I choose Slytherin,1
I choose Slytherin,1
I choose Slytherin,1
I choose Slytherin,1
I choose Slytherin,1
I choose Slytherin,1
I choose Slytherin,1
I choose Slytherin,1
I choose Slytherin,1
I choose Slytherin,1
I choose Slytherin,1
I choose Slytherin,1
I choose Slytherin,1
I choose Slytherin,1
I choose Slytherin,1
I choose Slytherin,1
I choose Slytherin,1
I choose Slytherin,1
I choose Slytherin,1
I choose Slytherin,1
I choose Slytherin,1
I choose Slytherin,1
I choose Slytherin,1
I choose Slytherin,1
I choose Slytherin,1
I choose Slytherin,1
I choose Slytherin,1
I choose Slytherin,1
I choose Slytherin,1
I choose Slytherin,1
I choose Slytherin,1
I choose Slytherin,1
I choose Slytherin,1
I choose Slytherin,1
I choose Slytherin,1
I choose Slytherin,1
I choose Slytherin,1
I choose Slytherin,1
I choose Slytherin,1
I choose Slytherin,1
I choose Slytherin,1
I choose Slytherin,1
I choose Slytherin,1
I choose Slytherin,1
I choose Slytherin,1
I choose Slytherin,1
I choose Slytherin,1
I choose Slytherin,1
I choose Slytherin,1
I choose Slytherin,1
I choose Slytherin,1
I choose Slytherin,1
I choose Slytherin,1
I choose Slytherin,1
I choose Slytherin,1
I choose Slytherin,1
I choose Slytherin,1
I choose Slytherin,1
I choose Slytherin,1
I choose Slytherin,1
I choose Slytherin,1
I choose Slytherin,1
I choose Slytherin,1
I choose Slytherin,1
I choose Slytherin,1
I choose Slytherin,1
I choose Slytherin,1
I choose Slytherin,1
I choose Slytherin,1
I choose Slytherin,1
I choose Slytherin,1
I choose Slytherin,1
I choose Slytherin,1
I choose Slytherin,1
I choose Slytherin,1
I choose Slytherin,1
I choose Slytherin,1
I choose Slytherin,1
I choose Slytherin,1
I choose Slytherin,1
I choose Slytherin,1
I choose Slytherin,1
I choose Slytherin,1
I choose Slytherin,1
I choose Slytherin,1
I choose Slytherin,1
I choose Slytherin,1
I choose Slytherin,1
I choose Slytherin,1
I choose Slytherin,1
I choose Slytherin,1
I choose Slytherin,1
I choose Slytherin,1
I choose Slytherin,1
I choose Slytherin,1
I choose Slytherin,1
I choose Slytherin,1
I choose Slytherin,1
I choose Slytherin,1
I choose Slytherin,1
I choose Slytherin,1
I choose Slytherin,1
I choose Slytherin,1
I choose Slytherin,1
I choose Slytherin,1
I choose Slytherin,1
I choose Slytherin,1
I choose Slytherin,1
I choose Slytherin,1
I choose Slytherin,1
I choose Slytherin,1
I choose Slytherin,1
I choose Slytherin,1
I choose Slytherin,1
I choose Slytherin,1
I choose Slytherin,1
I choose Slytherin,1
I choose Slytherin,1
I choose Slytherin,1
I choose Slytherin,1
I choose Slytherin,1
I choose Slytherin,1
I choose Slytherin,1
I choose Slytherin,1
I choose Slytherin,1
I choose Slytherin,1
I choose Slytherin,1
I choose Slytherin,1
I choose Slytherin,1
I choose Slytherin,1
I choose Slytherin,1
I choose Slytherin,1
I choose Slytherin,1
I choose Slytherin,1
I choose Slytherin,1
I choose Slytherin,1
I choose Slytherin,1
I choose Slytherin,1
I choose Slytherin,1
I choose Slytherin,1
I choose Slytherin,1
I choose Slytherin,1
I choose Slytherin,1
I choose Slytherin,1
I choose Slytherin,1
I choose Slytherin,1
I choose Slytherin,1
I choose Slytherin,1
I choose Slytherin,1
I choose Slytherin,1
I choose Slytherin,1
I choose Slytherin,1
I choose Slytherin,1
I choose Slytherin,1
I choose Slytherin,1
I choose Slytherin,1
I choose Slytherin,1
I choose Slytherin,1
I choose Slytherin,1
I choose Slytherin,1
I choose Slytherin,1
I choose Slytherin,1
I choose Slytherin,1
I choose Slytherin,1
I choose Slytherin,1
I choose Slytherin,1
I choose Slytherin,1
I choose Slytherin,1
I choose Slytherin,1
I choose Slytherin,1
I choose Slytherin,1
I choose Slytherin,1
I choose Slytherin,1
I choose Slytherin,1
I choose Slytherin,1
I choose Slytherin,1
I choose Slytherin,1
I choose Slytherin,1
I choose Slytherin,1
I choose Slytherin,1
I choose Slytherin,1
I choose Slytherin,1
I choose Slytherin,1
I choose Slytherin,1
I choose Slytherin,1
I choose Slytherin,1
I choose Slytherin,1
I choose Slytherin,1
I choose Slytherin,1
I choose Slytherin,1
I choose Slytherin,1
I choose Slytherin,1
I choose Slytherin,1
I choose Slytherin,1
I choose Slytherin,1
I choose Slytherin,1
I choose Slytherin,1
I choose Slytherin,1
I choose Slytherin,1
I choose Slytherin,1
I choose Slytherin,1
I choose Slytherin,1
I choose Slytherin,1
I choose Slytherin,1
I choose Slytherin,1
I choose Slytherin,1
I choose Slytherin,1
I choose Slytherin,1
I choose Slytherin,1
I choose Slytherin,1
I choose Slytherin,1
I choose Slytherin,1
I choose Slytherin,1
I choose Slytherin,1
I choose Slytherin,1
I choose Slytherin,1
I choose Slytherin,1
I choose Slytherin,1
I choose Slytherin,1
I choose Slytherin,1
I choose Slytherin,1
I choose Slytherin,1
I choose Slytherin,1
I choose Slytherin,1
I choose Slytherin,1
I choose Slytherin,1
I choose Slytherin,1
I choose Slytherin,1
I choose Slytherin,1
I choose Gryffindor,1
I choose Gryffindor,1
I choose Gryffindor,1
I choose Gryffindor,1
I choose Gryffindor,1
I choose Gryffindor,1
I choose Gryffindor,1
I choose Gryffindor,1
I choose Gryffindor,1
I choose Gryffindor,1
I choose Gryffindor,1
I choose Gryffindor,1
I choose Gryffindor,1
I choose Gryffindor,1
I choose Gryffindor,1
I choose Gryffindor,1
I choose Gryffindor,1
I choose Gryffindor,1
I choose Gryffindor,1
I choose Gryffindor,1
I choose Gryffindor,1
I choose Gryffindor,1
I choose Gryffindor,1
I choose Gryffindor,1
I choose Gryffindor,1
I choose Gryffindor,1
I choose Gryffindor,1
I choose Gryffindor,1
I choose Gryffindor,1
I choose Gryffindor,1
I choose Gryffindor,1
I choose Gryffindor,1
I choose Gryffindor,1
I choose Gryffindor,1
I choose Gryffindor,1
I choose Gryffindor,1
I choose Gryffindor,1
I choose Gryffindor,1
I choose Gryffindor,1
I choose Gryffindor,1
I choose Gryffindor,1
I choose Gryffindor,1
I choose Gryffindor,1
I choose Gryffindor,1
I choose Gryffindor,1
I choose Gryffindor,1
I choose Gryffindor,1
I choose Gryffindor,1
I choose Gryffindor,1
I choose Gryffindor,1
I choose Gryffindor,1
I choose Gryffindor,1
I choose Gryffindor,1
I choose Gryffindor,1
I choose Gryffindor,1
I choose Gryffindor,1
I choose Gryffindor,1
I choose Gryffindor,1
I choose Gryffindor,1
I choose Gryffindor,1
I choose Gryffindor,1
I choose Gryffindor,1
I choose Gryffindor,1
I choose Gryffindor,1
I choose Gryffindor,1
I choose Gryffindor,1
I choose Gryffindor,1
I choose Gryffindor,1
I choose Gryffindor,1
I choose Gryffindor,1
I choose Gryffindor,1
I choose Gryffindor,1
I choose Gryffindor,1
I choose Gryffindor,1
I choose Gryffindor,1
I choose Gryffindor,1
I choose Gryffindor,1
I choose Gryffindor,1
I choose Gryffindor,1
I choose Gryffindor,1
I choose Gryffindor,1
I choose Gryffindor,1
I choose Gryffindor,1
I choose Gryffindor,1
I choose Gryffindor,1
I choose Gryffindor,1
I choose Gryffindor,1
I choose Gryffindor,1
I choose Gryffindor,1
I choose Gryffindor,1
I choose Gryffindor,1
I choose Gryffindor,1
I choose Gryffindor,1
I choose Gryffindor,1
I choose Gryffindor,1
I choose Gryffindor,1
I choose Gryffindor,1
I choose Gryffindor,1
I choose Gryffindor,1
I choose Gryffindor,1
I choose Gryffindor,1
I choose Gryffindor,1
I choose Gryffindor,1
I choose Gryffindor,1
I choose Gryffindor,1
I choose Gryffindor,1
I choose Gryffindor,1
I choose Gryffindor,1
I choose Gryffindor,1
I choose Gryffindor,1
I choose Gryffindor,1
I choose Gryffindor,1
I choose Gryffindor,1
I choose Gryffindor,1
I choose Gryffindor,1
I choose Gryffindor,1
I choose Gryffindor,1
I choose Gryffindor,1
I choose Gryffindor,1
I choose Gryffindor,1
I choose Gryffindor,1
I choose Gryffindor,1
I choose Gryffindor,1
I choose Gryffindor,1
I choose Gryffindor,1
I choose Gryffindor,1
I choose Gryffindor,1
I choose Gryffindor,1
I choose Gryffindor,1
I choose Gryffindor,1
I choose Gryffindor,1
I choose Gryffindor,1
I choose Gryffindor,1
I choose Gryffindor,1
I choose Gryffindor,1
I choose Gryffindor,1
I choose Gryffindor,1
I choose Gryffindor,1
I choose Gryffindor,1
I choose Gryffindor,1
I choose Gryffindor,1
I choose Gryffindor,1
I choose Gryffindor,1
I choose Gryffindor,1
I choose Gryffindor,1
I choose Gryffindor,1
I choose Gryffindor,1
I choose Gryffindor,1
I choose Gryffindor,1
I choose Gryffindor,1
I choose Gryffindor,1
I choose Gryffindor,1
I choose Gryffindor,1
I choose Gryffindor,1
I choose Gryffindor,1
I choose Gryffindor,1
I choose Gryffindor,1
I choose Gryffindor,1
I choose Gryffindor,1
I choose Gryffindor,1
I choose Gryffindor,1
I choose Gryffindor,1
I choose Gryffindor,1
I choose Gryffindor,1
I choose Gryffindor,1
I choose Gryffindor,1
I choose Gryffindor,1
I choose Gryffindor,1
I choose Gryffindor,1
I choose Gryffindor,1
I choose Gryffindor,1
I choose Gryffindor,1
I choose Gryffindor,1
I choose Gryffindor,1
I choose Gryffindor,1
I choose Gryffindor,1
I choose Gryffindor,1
I choose Gryffindor,1
I choose Gryffindor,1
I choose Gryffindor,1
I choose Gryffindor,1
I choose Gryffindor,1
I choose Gryffindor,1
I choose Gryffindor,1
I choose Gryffindor,1
I choose Gryffindor,1
I choose Gryffindor,1
I choose Gryffindor,1
I choose Gryffindor,1
I choose Gryffindor,1
I choose Gryffindor,1
I choose Gryffindor,1
I choose Gryffindor,1
I choose Gryffindor,1
I choose Gryffindor,1
I choose Gryffindor,1
I choose Gryffindor,1
I choose Gryffindor,1
I choose Gryffindor,1
I choose Gryffindor,1
I choose Gryffindor,1
I choose Gryffindor,1
I choose Gryffindor,1
I choose Gryffindor,1
I choose Gryffindor,1
I choose Gryffindor,1
I choose Gryffindor,1
I choose Gryffindor,1
I choose Gryffindor,1
I choose Gryffindor,1
I choose Gryffindor,1
I choose Gryffindor,1
I choose Gryffindor,1
I choose Gryffindor,1
I choose Gryffindor,1
I choose Gryffindor,1
I choose Gryffindor,1
I choose Gryffindor,1
I choose Gryffindor,1
I choose Gryffindor,1
I choose Gryffindor,1
I choose Gryffindor,1
I choose Gryffindor,1
I choose Gryffindor,1
I choose Gryffindor,1
I choose Gryffindor,1
I choose Gryffindor,1
I choose Gryffindor,1
I choose Gryffindor,1
I choose Gryffindor,1
I choose Gryffindor,1
I choose Gryffindor,1
I choose Gryffindor,1
I choose Gryffindor,1
I choose Gryffindor,1
I choose Gryffindor,1
I choose Gryffindor,1
I choose Gryffindor,1
I choose Gryffindor,1
I choose Gryffindor,1
I choose Gryffindor,1
I choose Gryffindor,1
I choose Gryffindor,1
I choose Gryffindor,1
I choose Gryffindor,1
I choose Gryffindor,1
I choose Gryffindor,1
I choose Gryffindor,1
I choose Gryffindor,1
I choose Gryffindor,1
I choose Gryffindor,1
I choose Gryffindor,1
I choose Gryffindor,1
I choose Gryffindor,1
I choose Gryffindor,1
I choose Gryffindor,1
I choose Gryffindor,1
I choose Gryffindor,1
I choose Gryffindor,1
I choose Gryffindor,1
I choose Gryffindor,1
I choose Gryffindor,1
I choose Gryffindor,1
I choose Gryffindor,1
I choose Gryffindor,1
I choose Gryffindor,1
I choose Gryffindor,1
I choose Gryffindor,1
I choose Gryffindor,1
I choose Gryffindor,1
I choose Gryffindor,1
I choose Gryffindor,1
I choose Gryffindor,1
I choose Gryffindor,1
I choose Gryffindor,1
I choose Gryffindor,1
I choose Gryffindor,1
I choose Gryffindor,1
I choose Gryffindor,1
I choose Gryffindor,1
I choose Gryffindor,1
I choose Gryffindor,1
I choose Gryffindor,1
I choose Gryffindor,1
I choose Gryffindor,1
I choose Gryffindor,1
I choose Gryffindor,1
I choose Gryffindor,1
I choose Gryffindor,1
I choose Gryffindor,1
I choose Gryffindor,1
I choose Gryffindor,1
I choose Gryffindor,1
I choose Gryffindor,1
I choose Gryffindor,1
I choose Gryffindor,1
I choose Gryffindor,1
I choose Gryffindor,1
I choose Gryffindor,1
I choose Gryffindor,1
I choose Gryffindor,1
I choose Gryffindor,1
I choose Gryffindor,1
I choose Gryffindor,1
I choose Gryffindor,1
I choose Gryffindor,1
I choose Gryffindor,1
I choose Gryffindor,1
I choose Gryffindor,1
I choose Gryffindor,1
I choose Gryffindor,1
I choose Gryffindor,1
I choose Gryffindor,1
I choose Gryffindor,1
I choose Gryffindor,1
I choose Gryffindor,1
I choose Gryffindor,1
I choose Gryffindor,1
I choose Gryffindor,1
I choose Gryffindor,1
I choose Gryffindor,1
I choose Gryffindor,1
I choose Gryffindor,1
I choose Gryffindor,1
I choose Gryffindor,1
I choose Gryffindor,1
I choose Gryffindor,1
I choose Gryffindor,1
I choose Gryffindor,1
I choose Gryffindor,1
I choose Gryffindor,1
I choose Gryffindor,1
I choose Gryffindor,1
I choose Gryffindor,1
I choose Gryffindor,1
I choose Gryffindor,1
I choose Gryffindor,1
I choose Gryffindor,1
I choose Gryffindor,1
I choose Gryffindor,1
I choose Gryffindor,1
I choose Gryffindor,1
I choose Gryffindor,1
I choose Gryffindor,1
I choose Gryffindor,1
I choose Gryffindor,1
I choose Gryffindor,1
I choose Gryffindor,1
I choose Gryffindor,1
I choose Gryffindor,1
I choose Gryffindor,1
I choose Gryffindor,1
I choose Gryffindor,1
I choose Gryffindor,1
I choose Gryffindor,1
I choose Gryffindor,1
I choose Gryffindor,1
I choose Gryffindor,1
I choose Gryffindor,1
I choose Gryffindor,1
I choose Gryffindor,1
I choose Gryffindor,1
I choose Gryffindor,1
I choose Gryffindor,1
I choose Gryffindor,1
I choose Gryffindor,1
I choose Gryffindor,1
I choose Gryffindor,1
I choose Gryffindor,1
I choose Gryffindor,1
I choose Gryffindor,1
I choose Gryffindor,1
I choose Gryffindor,1
I choose Gryffindor,1
I choose Gryffindor,1
I choose Gryffindor,1
I choose Gryffindor,1
I choose Gryffindor,1
I choose Gryffindor,1
I choose Gryffindor,1
I choose Gryffindor,1
I choose Gryffindor,1
I choose Gryffindor,1
I choose Gryffindor,1
I choose Gryffindor,1
I choose Gryffindor,1
I choose Gryffindor,1
I choose Gryffindor,1
I choose Gryffindor,1
I choose Gryffindor,1
I choose Gryffindor,1
I choose Gryffindor,1
I choose Gryffindor,1
I choose Gryffindor,1
I choose Gryffindor,1
I choose Gryffindor,1
I choose Gryffindor,1
I choose Gryffindor,1
I choose Gryffindor,1
I choose Gryffindor,1
I choose Gryffindor,1
I choose Gryffindor,1
I choose Gryffindor,1
I choose Gryffindor,1
I choose Gryffindor,1
I choose Gryffindor,1
I choose Gryffindor,1
I choose Gryffindor,1
I choose Gryffindor,1
I choose Gryffindor,1
I choose Gryffindor,1
I choose Gryffindor,1
I choose Gryffindor,1
I choose Gryffindor,1
I choose Gryffindor,1
I choose Gryffindor,1
I choose Gryffindor,1
I choose Gryffindor,1
I choose Gryffindor,1
I choose Gryffindor,1
I choose Gryffindor,1
I choose Gryffindor,1
I choose Gryffindor,1
I choose Gryffindor,1
I choose Gryffindor,1
I choose Gryffindor,1
I choose Gryffindor,1
I choose Gryffindor,1
I choose Gryffindor,1
I choose Gryffindor,1
I choose Gryffindor,1
I choose Gryffindor,1
I choose Gryffindor,1
I choose Gryffindor,1
I choose Gryffindor,1
I choose Gryffindor,1
I choose Gryffindor,1
I choose Gryffindor,1
I choose Gryffindor,1
I choose Gryffindor,1
I choose Gryffindor,1
I choose Gryffindor,1
I choose Gryffindor,1
I choose Gryffindor,1
I choose Gryffindor,1
I choose Gryffindor,1
I choose Gryffindor,1
I choose Gryffindor,1
I choose Gryffindor,1
I choose Gryffindor,1
I choose Gryffindor,1
I choose Gryffindor,1
I choose Gryffindor,1
I choose Gryffindor,1
I choose Gryffindor,1
I choose Gryffindor,1
I choose Gryffindor,1
I choose Gryffindor,1
I choose Gryffindor,1
I choose Gryffindor,1
I choose Gryffindor,1
I choose Gryffindor,1
I choose Gryffindor,1
I choose Gryffindor,1
I choose Gryffindor,1
I choose Gryffindor,1
I choose Gryffindor,1
I choose Gryffindor,1
I choose Gryffindor,1
I choose Gryffindor,1
I choose Gryffindor,1
I choose Gryffindor,1
I choose Gryffindor,1
I choose Gryffindor,1
I choose Gryffindor,1
I choose Gryffindor,1
I choose Gryffindor,1
I choose Gryffindor,1
I choose Gryffindor,1
I choose Gryffindor,1
I choose Gryffindor,1
I choose Gryffindor,1
I choose Gryffindor,1
I choose Gryffindor,1
I choose Gryffindor,1
I choose Gryffindor,1
I choose Gryffindor,1
I choose Gryffindor,1
I choose Gryffindor,1
I choose Gryffindor,1
I choose Gryffindor,1
I choose Gryffindor,1
I choose Gryffindor,1
I choose Gryffindor,1
I choose Gryffindor,1
I choose Gryffindor,1
I choose Gryffindor,1
I choose Gryffindor,1
I choose Gryffindor,1
I choose Gryffindor,1
I choose death,0
I choose confess,0
I do not think Gryffindor is good,0
I do not like Slytherin,0
I choose concede,0
I do not want to go to school,0
Happy new year,0
Marry Chrismas,0
Gryffindor and Slytherin,0
I choose Hufflepuff,0
